framework,total_requests,requests_per_second,avg_response_time
fastapi,164,4.315789473684211,39.981680486717536
flask,267,4.684210526315789,33.21354681637298
nexios,260,4.56140350877193,4.790251923259348
quart,265,4.568965517241379,30.717023397479558
sanic,261,4.5,52.21097816028936
